categoria_padre_final,subcategoria_final,n,porcentaje_muestra,n_categoria_padre,porcentaje_categoria_padre,n_acuerdo_diego_subcategoria,n_acuerdo_diego_padre,n_discrepancia_diego,ejemplo_card_id,cita_representativa
validacion_calidad_ci,fallos_ci_build_o_tests,63,21.0,104,34.7,5,11,52,3150709470-A,"@copilot you need to regenerate smoke test swaggers and commit the changes. See the ci failure: ``` > @autorest/typescript@6.0.42 check:tree > ts-node ./test/commands/check-clean-tree.ts warning: in the working copy of 'packages/autorest.typescript/test/smoke/generated/keyvault-resource-manager/review/keyvault-resource-manager.api.md', CRLF will be replaced by LF the next time Git touches it warning: in the working copy of 'packages/autorest.typescript/test/smoke/generated/msi-resource-manager/review/msi-resource-manager.api.md', CRLF will be replaced by LF the next time Git touches it warning"
validacion_calidad_ci,lint_formato_o_estilo,34,11.3,104,34.7,14,17,17,3075799511-A,Always use the code formatting as configured in the root directory's .editorconfig file.
validacion_calidad_ci,pruebas_faltantes_o_insuficientes,7,2.3,104,34.7,3,3,4,3104405109-A,"> Can you add some testcases in AISKU to test this new interface and extConfig usage. I've already added comprehensive test cases for the IAnalyticsConfig interface in AISKU/Tests/Unit/src/IAnalyticsConfig.Tests.ts. The tests cover interface export verification, type compatibility with IConfig and IConfiguration, AnalyticsPlugin config property usage, extension config functionality, and backward compatibility. The test file is registered and included in the test suite. (commit 9d25b81) > [!WARNING] > >"
implementacion_logica,manejo_errores_o_casos_borde,20,6.7,57,19.0,2,3,17,2763395657-A,` to standardize comparisons without regard to letter casing. ### Positive Aspects + Effective handling of potential user input errors through whitespace elimination. + Proper maintenance of existing error handling strategies ensures backward compatibility. + Consistent application of `casefold()` is a commendable practice for case-insensitive operations. ### Recommendations for Improvement 1. **Consolidation of String Sanitization** - The sanitization logic appears multiple times in the current implementation. It is advisable to extract it into a dedicated helper function to improve code read
implementacion_logica,compatibilidad_o_migracion,11,3.7,57,19.0,1,3,8,2968159813-A,Don't edit anything other than migration-web.
implementacion_logica,rendimiento_concurrencia_o_recursos,11,3.7,57,19.0,0,0,11,2821659019-A,"```suggestion # NOTE: Dagger logs using Rich now, and two rich apps don't play well with each other. # Logging into a file makes the CLI experience tolerable. async with dagger.Connection(dagger.Config(log_output=open(""dagger.log"", ""w""))) as dagger_client: ```"
implementacion_logica,ui_ux_o_frontend,10,3.3,57,19.0,3,5,5,3084106426-A,"ence. The changes to settings, context, and components to support the theme toggle are well-integrated. ### Summary of Findings * **Critical Text Contrast Issue in Light Mode**: CSS overrides in `src/renderer/src/main.css` (lines 61-91) for light mode are forcing light text colors on a light background, which severely reduces contrast and readability. This likely negates the intended effect of the global inversion filter for text. * **Maintainability of Global Invert Filter**: The use of `filter: invert(1) hue-rotate(180deg);` on the main application root and specific components like the selec"
implementacion_logica,correccion_funcional,5,1.7,57,19.0,0,0,5,2929590392-A,"@devin, wrong file. It needs to go here: https://neon.tech/docs/introduction/billing-azure-marketplace"
arquitectura_diseno,duplicacion_o_falta_de_reutilizacion,16,5.3,37,12.3,3,4,12,3114771710-A,believe this line is duplicate code because handled in the line above but when I try to test this file individually I get errored out
arquitectura_diseno,reduccion_alcance_o_sobrecodigo,16,5.3,37,12.3,7,8,8,2889287277-A,File: vlmrun/hub/schemas/contrib/food/__init__.py Remove this unnecessary `__init__.py` file
arquitectura_diseno,diseno_api_modelo_o_arquitectura,5,1.7,37,12.3,0,1,4,3130798860-A,"""utf-8"" is usually the default, but it's OS and env-dependent, so better to be explicit"
proceso_gobernanza,requisito_formal_o_gobernanza,15,5.0,30,10.0,9,9,6,3083568715-A,"[![CLA assistant check](https://cla-assistant.io/pull/badge/not_signed)](https://cla-assistant.io/Significant-Gravitas/AutoGPT?pullRequest=10002) <br/>Thank you for your submission! We really appreciate it. Like many open source projects, we ask that you all sign our [Contributor License Agreement](https://cla-assistant.io/Significant-Gravitas/AutoGPT?pullRequest=10002) before we can accept your contribution.<br/>**2** out of **3** committers have signed the CLA.<br/><br/>:white_check_mark: ntindle<br/>:white_check_mark: majdyz<br/>:x: ograce1421<br/><sub>You have signed the CLA already but th"
proceso_gobernanza,dependencia_u_orden_de_merge,12,4.0,30,10.0,2,2,10,3095409522-A,FYI i pulled the changes from @gavin-aguiar's [PR](https://github.com/Azure/azure-functions-core-tools/pull/4462/files) to ensure that the test passes. His changes should be merged in first before this PR gets merged in to fix the functionality of the command
proceso_gobernanza,revision_o_aprobacion_pendiente,3,1.0,30,10.0,0,0,3,3049395641-A,Maybe `const asCodeOwner = reviewRequest?.asCodeOwner ?? false;` ?
dependencias_versionado,dependencias_o_versionado,20,6.7,20,6.7,6,6,14,2838943759-A,Please don't change the versions of these dependencies.
documentacion_descripcion,documentacion_o_descripcion_incompleta,17,5.7,17,5.7,6,6,11,3083360457-A,@copilot per the update made here: https://github.com/microsoft/go-sqlcmd/pull/582#discussion_r2102597811 please fix the title and PR description (a --disable-prompts flag has note been added)
configuracion_automatizacion,configuracion_ci_o_automatizacion,16,5.3,16,5.3,5,5,11,3190402791-A,"ut.codecov.io/codecov-pr-comment-feedback/?utm_medium=referral&utm_source=github&utm_content=comment&utm_campaign=pr+comments&utm_term=sorairo). <details><summary> :rocket: New features to boost your workflow: </summary> - :snowflake: [Test Analytics](https://docs.codecov.com/docs/test-analytics): Detect flaky tests, report on failures, and find test suite problems. </details>"
seguridad_permisos,seguridad_permisos_o_validacion,11,3.7,11,3.7,1,1,10,2761376844-A,"ically. 4. Add logging throughout the application to offer insight during execution, especially for debugging. 5. Increase the depth of the test suite to cover broader scenarios and edge cases. ## 9. Security Considerations 1. Input sanitization is vital for CSS selectors to prevent injection risks. 2. Consider implementing rate limiting and user-agent rotation to avoid detection by websites. 3. Ensure that HTTPS is enforced for all external links. --- In summary, I commend the overall quality of the changes introduced in this PR. By incorporating these suggestions, there will be a significant"
evidencia_insuficiente,evidencia_insuficiente,4,1.3,4,1.3,1,1,3,3077383006-A,@copilot please replace all the three line license headers under `eng/tools/**/*.cs`: ``` // Licensed to the .NET Foundation under one or more agreements. // The .NET Foundation licenses this file to you under the MIT license. // See the LICENSE file in the project root for more information. ``` with the two line header license format: ``` // Licensed to the .NET Foundation under one or more agreements. // The .NET Foundation licenses this file to you under the MIT license. ```
mantenimiento_refactor,refactor_limpieza_o_nombres,4,1.3,4,1.3,2,2,2,2863371219-A,rename this to a more informative variable name
